,Typology,Sub-typology,Item,n,mean,median,st.dev.,min,max,MAD,Q1,Q3,CV,skewness,kurtosis,Shapiro Wilk test P,FLAG 1 (SIZE),FLAG 2 (outlier),FLAG 3 (adherence to the normal distribution),Suggested CF value to represent food commodity
0,BEER,-,beer in can,5,0.68988,0.693,0.1388235484,0.51,0.9,0.118,0.575,0.7714,0.2012285447,0.8784992,2.619557,0.32911,Y,G,G,ITEM
1,BEER,-,beer in glass,9,1.033266667,0.9605,0.5153211146,0.42,2.27,0.2945,0.666,1.1718,0.4987300289,1.117292,3.411692,0.27487,G,G,G,ITEM
2,BEER,-,beer modular can,5,0.54414,0.5306,0.03392058962,0.5043,0.5906,0.0263,0.5176,0.5776,0.06233798217,0.273307,1.353844,0.39401,Y,G,G,ITEM
3,BISCUITS,-,chocolate or cream filled cookies,9,1.691277778,1.533,0.3836658059,1.33,2.39,0.125,1.4475,1.686,0.2268496701,1.126089,2.554021,0.00542,G,G,R,ITEM
4,BISCUITS,-,simple cookies,12,1.496333333,1.39075,0.3482734996,1.108,2.348,0.18175,1.246875,1.59575,0.2327512807,1.182523,3.600036,0.07835,G,G,G,ITEM
5,BOTTLED WATER* (mineral water),-,mineral water,2,0.491,0.491,0.069,0.422,0.56,0.069,0.4565,0.5255,0.1405295316,-,-,-,R,n.a,R,ITEM matching with TYPOLOGY
6,BREAD,-,bread multicereal,2,0.703,0.703,0.161,0.542,0.864,0.161,0.6225,0.7835,0.2290184922,-,-,-,R,G,R,TYPOLOGY
7,BREAD,-,bread plain,9,0.9712222222,0.885,0.2540538122,0.614,1.536,0.056,0.847,0.98,0.2615815479,1.012274,3.331904,0.14026,G,G,G,ITEM
8,BREAD,-,bread whole,5,0.7775,0.772,0.1303242111,0.548,0.913,0.122,0.7605,0.894,0.1676195641,-0.7250058,2.284845,0.35372,Y,G,G,ITEM
9,BREAD FROZEN* (rolls frozen),-,bread frozen frozen,1,1.31,1.31,-,1.31,1.31,-,1.31,1.31,-,-,-,n.a.,R,n.a,R,ITEM matching with TYPOLOGY
10,BREAKFAST CEREALS* (cornflakes),-,cornflakes,1,2.64,2.64,-,2.64,2.64,-,2.64,2.64,-,-,-,n.a.,R,n.a,R,ITEM matching with TYPOLOGY
11,CHOCOLATE,-,dark chocolate,3,2.673333333,2.71,0.1371941042,2.49,2.82,0.11,2.6,2.765,0.05131949034,-0.3818023,,0.63689,R,G,R,TYPOLOGY
12,CHOCOLATE,-,milk chocolate,1,3.6,3.6,-,3.6,3.6,-,3.6,3.6,-,-,-,n.a.,R,G,R,TYPOLOGY
13,COFFEE GROUND & PARCHMENT,-,coffee ground,2,5.129285715,5.129285715,0.3092857145,4.82,5.438571429,0.3092857145,4.974642857,5.283928572,0.06029800867,-,-,-,R,G,R,TYPOLOGY
14,COFFEE GROUND & PARCHMENT,-,coffee parchment,4,8.465,8.29,1.742663192,6.34,10.94,1.4,7.165,9.59,0.2058668862,0.2265516,1.605444,0.88141,Y,G,G,ITEM
15,COFFEE LIQUID,-,coffee drip filtered,2,0.595,0.595,0.135,0.46,0.73,0.135,0.5275,0.6625,0.2268907563,-,-,-,R,G,R,TYPOLOGY
16,COFFEE LIQUID,-,coffee soluble powder,1,0.33,0.33,-,0.33,0.33,-,0.33,0.33,-,-,-,n.a.,R,G,R,TYPOLOGY
17,COFFEE LIQUID,-,espresso,1,0.55,0.55,-,0.55,0.55,-,0.55,0.55,-,-,-,n.a.,R,G,R,TYPOLOGY
18,CRACKERS,-,flavored crackers,4,1.005,0.9265,0.1488237212,0.905,1.262,0.016,0.91325,1.01825,0.1480833047,1.134268,2.317061,0.01129,Y,G,Y,ITEM
19,CRACKERS,-,plain crackers,8,1.239375,1.34825,0.1960965563,0.966,1.4515,0.08075,1.02075,1.39225,0.1582221331,-0.465807,1.368474,0.0271,Y,G,Y,ITEM
20,CRACKERS,-,wholegrain crackers,17,0.9891764706,0.9725,0.3104083146,0.493,1.429,0.2855,0.705,1.315,0.31380479,0.0511693,1.679628,0.14946,G,G,G,ITEM
21,CRISPBREAD**,-,crispbread,6,1.3645,1.348,0.1127848246,1.19,1.5285,0.08475,1.30325,1.450125,0.08265652226,-0.0125664,1.859318,0.8976,Y,G,G,ITEM
22,DRESSING,-,ketchup,1,1.464,1.464,-,1.464,1.464,-,1.464,1.464,-,-,-,n.a.,R,G,R,TYPOLOGY
23,DRESSING,-,mayonnaise,1,2.04,2.04,-,2.04,2.04,-,2.04,2.04,-,-,-,n.a.,R,G,R,TYPOLOGY
24,DRESSING,-,tempeh,1,1.1,1.1,-,1.1,1.1,-,1.1,1.1,-,-,-,n.a.,R,G,R,TYPOLOGY
25,EGG PASTA*,-,egg pasta,5,3.190466667,3.1511,0.7656117836,2.4133,4.5466,0.6431,2.508,3.333333333,0.2399685888,0.761924,2.307686,0.36842,Y,n.a,G,ITEM matching with TYPOLOGY
26,FRUIT FROZEN* (raspberry),-,raspberries frozen,1,1.175,1.175,-,1.175,1.175,-,1.175,1.175,-,-,-,n.a.,R,n.a,R,ITEM matching with TYPOLOGY
27,FRUIT JUICE (imported ingredients),-,apple juice,1,2.84,2.84,-,2.84,2.84,-,2.84,2.84,-,-,-,n.a.,R,G,R,TYPOLOGY
28,FRUIT JUICE (imported ingredients),-,blueberry juice,1,3.0,3.0,-,3.0,3.0,-,3.0,3.0,-,-,-,n.a.,R,G,R,TYPOLOGY
29,FRUIT JUICE (imported ingredients),-,cranberry juice,1,2.88,2.88,-,2.88,2.88,-,2.88,2.88,-,-,-,n.a.,R,G,R,TYPOLOGY
30,FRUIT JUICE (imported ingredients),-,fig juice,1,3.2,3.2,-,3.2,3.2,-,3.2,3.2,-,-,-,n.a.,R,R,R,TYPOLOGY
31,FRUIT JUICE (imported ingredients),-,kiwi juice,1,2.84,2.84,-,2.84,2.84,-,2.84,2.84,-,-,-,n.a.,R,G,R,TYPOLOGY
32,FRUIT JUICE (imported ingredients),-,mango juice,1,2.96,2.96,-,2.96,2.96,-,2.96,2.96,-,-,-,n.a.,R,G,R,TYPOLOGY
33,FRUIT JUICE (imported ingredients),-,pineapple juice,2,2.78,2.78,0.06,2.72,2.84,0.06,2.75,2.81,0.02158273381,-,-,-,R,G,R,TYPOLOGY
34,FRUIT JUICE (imported ingredients),-,strawberry juice,1,2.68,2.68,-,2.68,2.68,-,2.68,2.68,-,-,-,n.a.,R,R,R,TYPOLOGY
35,FRUIT JUICE LOCAL,-,orange juice,13,0.6237565317,0.461,0.461366816,0.241743141,2.0,0.055,0.424,0.516,0.7396584926,2.028465,6.278486,0.00045,G,G,R,ITEM
36,FRUIT JUICE LOCAL,-,pear juice,2,0.49045,0.49045,0.03045,0.46,0.5209,0.03045,0.475225,0.505675,0.06208583954,-,-,-,R,G,R,TYPOLOGY
37,GRAIN FLOUR,-,buckwheat flour,1,1.96,1.96,-,1.96,1.96,-,1.96,1.96,-,-,-,n.a.,R,G,R,TYPOLOGY
38,GRAIN FLOUR,-,durum wheat,4,0.47606,0.46712,0.06366438094,0.4,0.57,0.04699,0.430195,0.512985,0.1337318425,0.3379786,1.720976,0.87623,Y,G,G,ITEM
39,GRAIN FLOUR,-,graham flour,1,0.47,0.47,-,0.47,0.47,-,0.47,0.47,-,-,-,n.a.,R,G,R,TYPOLOGY
40,GRAIN FLOUR,-,maize flour,1,1.31,1.31,-,1.31,1.31,-,1.31,1.31,-,-,-,n.a.,R,G,R,TYPOLOGY
41,GRAIN FLOUR,-,millet flour,1,1.37,1.37,-,1.37,1.37,-,1.37,1.37,-,-,-,n.a.,R,G,R,TYPOLOGY
42,GRAIN FLOUR,-,oat meal,5,1.126,0.87,0.6072429497,0.69,2.32,0.14,0.74,1.01,0.5392921401,1.0769,2.273581,0.0539,Y,G,G,ITEM
43,GRAIN FLOUR,-,sorghum flour,1,1.33,1.33,-,1.33,1.33,-,1.33,1.33,-,-,-,n.a.,R,G,R,TYPOLOGY
44,GRAIN FLOUR,-,wheat plain flour,16,0.612069375,0.52,0.2317036611,0.32725,1.18,0.11,0.47,0.724395,0.3785578409,1.165599,3.532494,0.0319,G,G,Y,ITEM
45,GRAIN FLOUR,-,whole wheat flour,6,0.3756691542,0.3647164179,0.09171701355,0.27,0.51,0.08792537313,0.2910447761,0.44975,0.2441430512,0.1963714,1.396397,0.37579,Y,G,G,ITEM
46,ICE CREAM,-,chocolate,2,6.6,6.6,0.2,6.4,6.8,0.2,6.5,6.7,0.0303030303,-,-,-,R,G,R,TYPOLOGY
47,ICE CREAM,-,ice cream,1,1.02,1.02,-,1.02,1.02,-,1.02,1.02,-,-,-,n.a.,R,G,R,TYPOLOGY
48,ICE CREAM,-,vanilla,2,4.3,4.3,0.1,4.2,4.4,0.1,4.25,4.35,0.02325581395,-,-,-,R,G,R,TYPOLOGY
49,LEGUME FLOUR,-,azuki bean flour,1,1.32,1.32,-,1.32,1.32,-,1.32,1.32,-,-,-,n.a.,R,G,R,TYPOLOGY
50,LEGUME FLOUR,-,mung bean flour,1,1.49,1.49,-,1.49,1.49,-,1.49,1.49,-,-,-,n.a.,R,G,R,TYPOLOGY
51,LEGUME FLOUR,-,soy meal,2,0.62,0.62,0.28,0.34,0.9,0.28,0.48,0.76,0.4516129032,-,-,-,R,G,R,TYPOLOGY
52,LEGUMES CANNED,-,beans in can,1,0.109,0.109,-,0.109,0.109,-,0.109,0.109,-,-,-,n.a.,R,G,R,TYPOLOGY
53,LEGUMES CANNED,-,green beans in can,1,1.45,1.45,-,1.45,1.45,-,1.45,1.45,-,-,-,n.a.,R,G,R,TYPOLOGY
54,LEGUMES FROZEN,-,beans frozen,1,1.77,1.77,-,1.77,1.77,-,1.77,1.77,-,-,-,n.a.,R,G,R,TYPOLOGY
55,LEGUMES FROZEN,-,green beans frozen,1,2.741769912,2.741769912,-,2.741769912,2.741769912,-,2.741769912,2.741769912,-,-,-,n.a.,R,G,R,TYPOLOGY
56,MARGARINE*,-,margarine,6,1.43,1.39,0.2407626771,1.1,1.8,0.21,1.26,1.61,0.1683655084,0.2235562,1.728585,0.88109,Y,n.a,G,ITEM matching with TYPOLOGY
57,NUTS COVERED WITH CHOCOLATE,-,almond covered with chocolate,1,4.8,4.8,-,4.8,4.8,-,4.8,4.8,-,-,-,n.a.,R,G,R,TYPOLOGY
58,NUTS COVERED WITH CHOCOLATE,-,hazelnut covered with chocolate,1,3.43,3.43,-,3.43,3.43,-,3.43,3.43,-,-,-,n.a.,R,G,R,TYPOLOGY
59,NUTS PASTE,-,almond paste,2,2.98,2.98,0.09,2.89,3.07,0.09,2.935,3.025,0.03020134228,-,-,-,R,G,R,TYPOLOGY
60,NUTS PASTE,-,hazelnut cream,2,2.71,2.71,0.1,2.61,2.81,0.1,2.66,2.76,0.036900369,-,-,-,R,G,R,TYPOLOGY
61,NUTS PASTE,-,hazelnut paste,2,1.685,1.685,0.095,1.59,1.78,0.095,1.6375,1.7325,0.05637982196,-,-,-,R,G,R,TYPOLOGY
62,NUTS PASTE,-,peanut butter,1,1.15,1.15,-,1.15,1.15,-,1.15,1.15,-,-,-,n.a.,R,G,R,TYPOLOGY
63,NUTS PASTE,-,peanut paste,2,1.84,1.84,0.09,1.75,1.93,0.09,1.795,1.885,0.04891304348,-,-,-,R,G,R,TYPOLOGY
64,OIL,-,olive oil,45,3.837506911,3.265,2.84781503,0.6285,17.53,1.047,2.575,4.56,0.7421002999,2.834336,13.25411,0,G,G,R,ITEM
65,OIL,-,palm oil,5,2.3159,2.432,0.7570683192,1.0095,3.32,0.268,2.164,2.654,0.3269002631,-0.5445492,2.400846,0.76906,Y,G,G,ITEM
66,OIL,-,peanut oil,2,2.8975,2.8975,1.9595,0.938,4.857,1.9595,1.91775,3.87725,0.6762726488,-,-,-,R,G,R,TYPOLOGY
67,OIL,-,rapeseed oil,9,2.403693333,1.78604,1.267311816,0.402,4.3002,1.38404,1.54,3.63,0.5272352336,-0.3135748,1.604231,0.37155,G,G,G,ITEM
68,OIL,-,soybean oil,6,2.303482143,1.787,1.23836352,1.0738,4.3002,0.6286535714,1.284669643,3.2635,0.5376050009,0.2081498,1.268125,0.61695,Y,G,G,ITEM
69,OIL,-,sunflower oil,5,0.99412,0.9846,0.07675973945,0.9,1.12,0.0486,0.936,1.03,0.07721375633,0.4465887,1.973935,0.86505,Y,G,G,ITEM
70,PASTA*,-,pasta,48,1.241734167,1.2055,0.4391920759,0.55,2.303,0.326,0.868,1.501525,0.3536925114,0.5753583,2.38885,0.01081,G,G,Y,ITEM
71,PESTO,-,pesto,2,2.713,2.713,0.114,2.599,2.827,0.114,2.656,2.77,0.04201990417,-,-,-,R,G,R,TYPOLOGY
72,PESTO,-,pesto without garlic,1,2.717,2.717,-,2.717,2.717,-,2.717,2.717,-,-,-,n.a.,R,G,R,TYPOLOGY
73,SUGAR,-,beet sugar,9,0.8854922222222222,0.94,0.3025996629864384,0.264,1.31,0.2699999999999999,0.67,1.05,0.3417304583738041,-0.587892,2.662608,0.68124,G,G,G,ITEM
74,SUGAR,-,cane sugar,7,0.66633,0.62367,0.3748765503850187,0.283,1.509,0.19934999999999994,0.42432000000000003,0.7,0.562598938041239,1.382332,3.86649,0.05966,Y,G,G,ITEM
75,SWEETS,-,cakes and croissant,14,2.230607143,2.139,0.3772182098,1.64,3.093,0.228,1.960625,2.47425,0.1691101057,0.661288,2.808992,0.43061,G,G,G,ITEM
76,SWEETS,-,cocoa cakes and croissant,9,1.970555556,1.9365,0.3676672291,1.445,2.623,0.2235,1.833,2.16,0.186580494,0.2001338,2.219832,0.58348,G,G,G,ITEM
77,"TOMATO PUREE,PEELED, CHOPPED",-,tomato chopped,4,1.410825,1.47275,0.1601697283,1.14,1.5578,0.04265,1.389375,1.4942,0.1135291254,-0.9864888,2.231918,0.10945,Y,G,G,ITEM
78,"TOMATO PUREE,PEELED, CHOPPED",-,tomato peeled,3,1.275166667,1.2989,0.03965226629,1.2193,1.3073,0.0084,1.2591,1.3031,0.0310957519,-0.6833817,,0.16535,R,G,R,TYPOLOGY
79,"TOMATO PUREE,PEELED, CHOPPED",-,tomato puree,7,1.169911429,1.0311,0.217698064,0.9598,1.56438,0.0713,0.9915,1.32555,0.1860808081,0.6315826,1.897705,0.10796,Y,G,G,ITEM
80,TOMATO SAUCE,-,tomato & basil,4,1.1465,1.1415,0.1174191211,1.018,1.285,0.111,1.03675,1.25125,0.1024152823,0.0376184,1.093955,0.22006,Y,G,G,ITEM
81,TOMATO SAUCE,-,tomato arrabbiata,4,1.25525,1.244,0.1433080162,1.071,1.462,0.112,1.1625,1.33675,0.1141669119,0.2042292,1.776516,0.97476,Y,G,G,ITEM
82,VEGETABLES CANNED,-,carrots canned,1,1.6,1.6,-,1.6,1.6,-,1.6,1.6,-,-,-,n.a.,R,G,R,TYPOLOGY
83,VEGETABLES CANNED,-,corn canned,1,1.355,1.355,-,1.355,1.355,-,1.355,1.355,-,-,-,n.a.,R,G,R,TYPOLOGY
84,VEGETABLES FROZEN,-,carrots frozen,1,0.267,0.267,-,0.267,0.267,-,0.267,0.267,-,-,-,n.a.,R,G,R,TYPOLOGY
85,VEGETABLES FROZEN,-,zucchini frozen,1,1.35,1.35,-,1.35,1.35,-,1.35,1.35,-,-,-,n.a.,R,G,R,TYPOLOGY
86,VEGETAL CREAM* (soy cream),-,soy cream,1,1.62,1.62,-,1.62,1.62,-,1.62,1.62,-,-,-,n.a.,R,n.a,R,ITEM matching with TYPOLOGY
87,VEGETAL MILK,-,almond milk,2,0.4179027998,0.4179027998,0.02377179081,0.394131009,0.4416745906,0.02377179081,0.4060169044,0.4297886952,0.05688354043,-,-,-,R,G,R,TYPOLOGY
88,VEGETAL MILK,-,coconut milk,2,0.4126201796,0.4126201796,0.02377179081,0.3888483888,0.4363919704,0.02377179081,0.4007342842,0.424506075,0.0576117989,-,-,-,R,G,R,TYPOLOGY
89,VEGETAL MILK,-,rice milk,3,0.7975333333,0.6602,0.2069327964,0.6424,1.09,0.0178,0.6513,0.8751,0.2594660157,0.7031848,,0.06704,R,G,R,TYPOLOGY
90,VEGETAL MILK,-,soy milk,22,0.854880238,0.78,0.261165842,0.278,1.4,0.135868991,0.7,0.94801,0.3054999173,0.425889,3.182689,0.04328,G,G,Y,ITEM
91,VEGETAL PROTEINS,-,quorne,2,2.5,2.5,0.1,2.4,2.6,0.1,2.45,2.55,0.04,-,-,-,R,G,R,TYPOLOGY
92,VEGETAL PROTEINS,-,soy burger,1,1.48,1.48,-,1.48,1.48,-,1.48,1.48,-,-,-,n.a.,R,G,R,TYPOLOGY
93,VEGETAL PROTEINS,-,tofu,4,2.333,2.27,0.9575526095,1.072,3.72,0.734,1.768,2.835,0.4104383238,0.180831,1.856598,0.9786,Y,G,G,ITEM
94,VEGETAL YOGURT (soy yogurt),-,soy yogurt,1,1.36,1.36,-,1.36,1.36,-,1.36,1.36,-,-,-,n.a.,R,n.a,R,ITEM matching with TYPOLOGY
95,WINE,-,wine red,17,1.020266667,0.873,0.4773693059,0.3181,2.13,0.3826,0.7084,1.38,0.4678868001,0.5808094,2.608769,0.52395,G,G,G,ITEM
96,WINE,-,wine white,3,0.7441,0.4444,0.426104549,0.4412,1.3467,0.0032,0.4428,0.89555,0.5726441997,0.7070769,,0.00581,R,G,R,TYPOLOGY
97,YEAST COMPRESSED*,-,yeast compressed,1,0.824,0.824,-,0.824,0.824,-,0.824,0.824,-,-,-,n.a.,R,n.a,R,ITEM matching with TYPOLOGY
98,YEAST DRIED*,-,yeast dried,1,3.294,3.294,-,3.294,3.294,-,3.294,3.294,-,-,-,n.a.,R,n.a,R,ITEM matching with TYPOLOGY
99,YEAST LIQUID*,-,yeast liquid,1,0.503,0.503,-,0.503,0.503,-,0.503,0.503,-,-,-,n.a.,R,n.a,R,ITEM matching with TYPOLOGY
100,BEEF BONE FREE MEAT*,,beef bone free meat,183,27.72327180145614,25.751,12.715802933150405,2.27,109.35251798561151,4.276,21.844,31.0,0.458668912681602,2.884745,17.53974,0,G,n.a,R,ITEM
101,BEEF MEAT WITH BONE*,-,beef meat with bone,172,19.54409099,17.9582,8.218663747,7.507514815,76.0427,2.877047298,15.46962456,21.5877,0.42051911,3.749,23.443,0,G,G,R,ITEM
102,BUFFALO BONE FREE MEAT*,-,buffalo bone free meat,3,71.39276803,78.80017544,11.95219526,54.53116959,80.84695906,2.04678362,66.66567252,79.82356725,0.1674146498,-0.6915849,,0.1336,R,n.a,R,ITEM matching with TYPOLOGY
103,BUTTER*,-,butter,11,9.900066667,8.48,6.664412301,1.0474,25.0,1.24,7.22,9.55,0.6731684266,1.154,3.413,0.02,G,G,Y,ITEM
104,CHEESE FRESH,-,cream,8,5.342395344,5.45,2.204580568,2.1,8.31,1.945833333,3.858122066,7.135416667,0.4126576986,-0.21,1.751,0.49,Y,G,G,ITEM
105,CHEESE FRESH,-,mascarpone,1,5.7,5.7,-,5.7,5.7,-,5.7,5.7,-,-,-,n.a.,R,G,R,TYPOLOGY
106,CHEESE FRESH,-,mozzarella,14,8.475714286,8.2,1.428744275,6.27,11.95,1.01,7.4025,9.3,0.168569188,0.726,3.236,0.652,G,G,G,ITEM
107,CHEESE FRESH,-,ricotta,1,3.4,3.4,-,3.4,3.4,-,3.4,3.4,-,-,-,n.a.,R,R,R,TYPOLOGY
108,CHEESE FRESH,-,stracchino,1,4.92,4.92,-,4.92,4.92,-,4.92,4.92,-,-,-,n.a.,R,G,R,TYPOLOGY
109,CHEESE HARD & SEMI-HARD,-,asiago,1,10.24,10.24,-,10.24,10.24,-,10.24,10.24,-,-,-,n.a.,R,G,R,TYPOLOGY
110,CHEESE HARD & SEMI-HARD,-,camembert,2,7.55,7.55,0.55,7.0,8.1,0.55,7.275,7.825,0.07284768212,-,-,-,R,G,R,TYPOLOGY
111,CHEESE HARD & SEMI-HARD,-,ceddar,4,11.8655,11.207,3.065265853,8.7,16.348,2.162,9.2175,13.855,0.2583343182,0.388,1.539,0.503,Y,G,G,ITEM
112,CHEESE HARD & SEMI-HARD,-,cheese,27,9.288191958,8.933333333,2.532544481,5.333333333,14.686,1.206666667,8.11,10.29,0.2726628059,0.578,2.814,0.016,G,G,Y,ITEM
113,CHEESE HARD & SEMI-HARD,-,cheese semi-hard,2,8.647,8.647,0.147,8.5,8.794,0.147,8.5735,8.7205,0.01700011565,-,-,-,R,G,R,TYPOLOGY
114,CHEESE HARD & SEMI-HARD,-,emmental,1,8.2,8.2,-,8.2,8.2,-,8.2,8.2,-,-,-,n.a.,R,G,R,TYPOLOGY
115,CHEESE HARD & SEMI-HARD,-,goat cheese,3,8.18,8.35,0.3365511353,7.71,8.48,0.13,8.03,8.415,0.04114317057,-0.629,,0.302,R,G,R,TYPOLOGY
116,CHEESE HARD & SEMI-HARD,-,grana padano,3,14.27333333,15.34,2.79801517,10.44,17.04,4.9,12.89,16.19,0.1960309554,-0.516,,0.541,R,G,R,TYPOLOGY
117,CHEESE HARD & SEMI-HARD,-,parmigiano reggiano,3,14.07556667,12.54,4.776351115,9.1467,20.54,3.3933,10.84335,16.54,0.3393363286,0.449,,0.562,R,G,R,TYPOLOGY
118,CHEESE HARD & SEMI-HARD,-,pecorino,3,18.85333333,17.15,2.415951618,17.14,22.27,0.01,17.145,19.71,0.1281445342,0.707,,0.534,R,G,R,TYPOLOGY
119,EDIBLE INSECTS* (mealworms),-,mealworms,1,2.84,2.84,-,2.84,2.84,-,2.84,2.84,-,-,-,n.a.,R,n.a,R,ITEM matching with TYPOLOGY
120,EGGS*,-,eggs,51,3.228266612,3.2,1.215115527,0.718,6.0,0.85,2.236383333,4.039,0.3763987528,0.1921865,2.485863,0.65353,G,n.a.,G,ITEM matching with TYPOLOGY
121,HONEY*,-,honey,2,1.7425,1.7425,0.8075,0.935,2.55,0.8075,1.33875,2.14625,0.4634146341,-,-,-,R,n.a,R,ITEM matching with TYPOLOGY
122,KANGAROO MEAT*,-,kangaroo meat,1,4.1,4.1,-,4.1,4.1,-,4.1,4.1,-,-,-,n.a.,R,n.a,R,ITEM matching with TYPOLOGY
123,LAMB BONE FREE MEAT*,-,lamb bone free meat,55,27.20904498,25.23255814,11.72523228,10.05,56.7,8.534970013,17.12379406,34.44418605,0.4309314161,0.583,2.443,0.015,G,G,Y,ITEM
124,LAMB MEAT WITH BONE*,-,lamb meat with bone,55,18.00556969,16.70108837,7.738653307,6.6806,37.4696,5.633080209,11.34930408,22.78076279,0.4297921944,0.583,2.443,0.015,G,G,Y,ITEM
125,MILK,-,buffalo milk,7,3.751428571,3.57,0.7923099785,2.87,5.2,0.49,3.135,4.175,0.211202203,0.712,2.113,0.347,Y,G,G,ITEM
126,MILK,-,cow milk,364,1.432598057,1.305,0.724254412,0.54,8.44,0.195,1.14,1.54,0.5055531161,6.29023,54.22314,0,G,G,R,ITEM
127,MILK,-,goat milk,2,1.437,1.437,0.025,1.412,1.462,0.025,1.4245,1.4495,0.0173973556,-,-,-,R,G,R,TYPOLOGY
128,PORK BONE FREE MEAT*,-,pork bone free meat,135,5.786150705200001,5.716744186,1.6909596307562285,2.11,11.86440678,1.1367441859999996,4.475,6.588604651,0.29224258352561866,0.6258953,3.442821,0.00539,G,G,R,ITEM
129,PORK CURED MEAT,-,bacon,2,4.025,4.025,1.025,3.0,5.05,1.025,3.5125,4.5375,0.2546583851,-,-,-,R,G,R,TYPOLOGY
130,PORK CURED MEAT,-,neck,2,4.025,4.025,1.025,3.0,5.05,1.025,3.5125,4.5375,0.2546583851,-,-,-,R,G,R,TYPOLOGY
131,PORK CURED MEAT,-,pork ham,4,7.9325,7.945,4.036566456,3.0,12.84,3.895,4.5375,11.34,0.5088643499,-0.005,1.236,0.514,Y,G,G,ITEM
132,PORK CURED MEAT,-,pork sausages,1,17.94,17.94,-,17.94,17.94,-,17.94,17.94,-,-,-,n.a.,R,R,R,TYPOLOGY
133,PORK MEAT WITH BONE*,-,pork meat with bone,131,3.49622331,3.444,0.9987176131,1.3023,7.0574,0.6844,2.69765,3.96025,0.2856561279,0.606,3.41,0.006,G,G,R,ITEM
134,POULTRY BONE FREE MEAT,-,chicken bone free meat,100,4.239098846,3.676746753,2.073979131,1.05974026,16.2862963,0.9399199134,2.776839827,5.353528139,0.4892500048,2.377,12.862,0,G,G,R,ITEM
135,POULTRY BONE FREE MEAT,-,emu bone free meat,1,1.5,1.5,-,1.5,1.5,-,1.5,1.5,-,-,-,n.a.,R,R,R,TYPOLOGY
136,POULTRY BONE FREE MEAT,,duck meat bone free,1,4.1,4.1,-,4.1,4.1,-,4.1,4.1,-,-,-,,R,G,R,TYPOLOGY
137,POULTRY BONE FREE MEAT,,turkey meat bone free,12,5.106728977,4.084444445,1.976722771,2.806666667,8.490566038,0.518518519,3.72537037,7.264210343,0.3870819814,0.6721438,1.708933,0.0103,G,G,Y,ITEM or TYPOLOGY
138,POULTRY MEAT WITH BONE,-,chicken meat with bone,98,3.24822457,2.8221,1.549096916,0.8482000002,12.57264815,0.7136,2.168922222,4.136941666,0.4769057321,2.513131,14.45395,0,G,G,R,ITEM
139,POULTRY MEAT WITH BONE,-,duck meat with bone,1,2.07,2.07,-,2.07,2.07,-,2.07,2.07,-,-,-,n.a.,R,G,R,TYPOLOGY
140,POULTRY MEAT WITH BONE,-,turkey meat with bone,6,2.075,2.13,0.2629163365,1.58,2.35,0.17,1.975,2.285,0.1267066682,-0.791374,2.415261,0.35654,Y,G,G,ITEM
141,RABBIT MEAT WITH BONE*,-,rabbit meat with bone,2,4.305,4.305,1.275,3.03,5.58,1.275,3.6675,4.9425,0.2961672474,-,-,-,R,n.a,R,ITEM matching with TYPOLOGY
142,SNAILS*,-,snails,1,0.73,0.73,-,0.73,0.73,-,0.73,0.73,-,-,-,n.a.,R,n.a,R,ITEM matching with TYPOLOGY
143,YOGURT,-,yogurt flavoured,14,2.812144286,2.8532,0.3632628464,2.15804,3.85,0.1287,2.61735,2.9195,0.1291764609,1.149384,5.608231,0.02425,G,G,Y,ITEM
144,YOGURT,-,yogurt lactose free,4,3.16,3.47,0.554436651,2.2,3.5,0.02,3.145,3.485,0.1754546364,-1.152,2.332,0.003,Y,G,R,ITEM or TYPOLOGY
145,YOGURT,-,yogurt white,20,2.095343049,1.69,0.9783878948,1.170491803,4.07,0.41,1.31,2.41749,0.4669344694,1.006,2.503,0.001,G,G,R,ITEM
146,COFFEE GREEN*,-,coffee green,8,0.494625,0.486,0.1379709548,0.285,0.707,0.0905,0.39575,0.55,0.2789405202,0.3553143,2.084786,0.30969,Y,G,G,ITEM
147,DRIED FRUIT,-,date,2,0.6,0.6,0.28,0.32,0.88,0.28,0.46,0.74,0.4666666667,-,-,-,R,G,R,TYPOLOGY
148,DRIED FRUIT,-,raisin,5,0.658,0.81,0.2017324961,0.36,0.84,0.03,0.47,0.81,0.3065843406,-0.4885944,1.364615,0.0839,Y,G,G,ITEM
149,FRUIT HEATED GREENHOUSE,-,exotic fruit,1,2.43,2.43,-,2.43,2.43,-,2.43,2.43,-,-,-,n.a.,R,G,R,TYPOLOGY
150,FRUIT HEATED GREENHOUSE,-,raspberry,2,7.35,7.35,0.05,7.3,7.4,0.05,7.325,7.375,0.006802721088,-,-,-,R,G,R,TYPOLOGY
151,FRUIT HEATED GREENHOUSE,-,strawberry,4,2.943543814,2.884587629,1.768623743,0.835,5.17,1.6475,1.438131443,4.39,0.6008484515,0.0503042,1.257483,0.53938,Y,G,G,ITEM
152,FRUIT IMPORTED,-,avocado,4,0.9975,1.09,0.3787066807,0.43,1.38,0.25,0.7675,1.32,0.3796558202,-0.463725,1.624899,0.48556,Y,G,G,ITEM
153,FRUIT IMPORTED,-,banana,20,0.81292,0.8175,0.2848342564,0.42,1.37,0.265,0.5175,1.045,0.350384117,0.2082068,1.884777,0.26008,G,G,G,ITEM
154,FRUIT IMPORTED,-,coconut,1,1.78,1.78,-,1.78,1.78,-,1.78,1.78,-,-,-,n.a.,R,R,R,TYPOLOGY
155,FRUIT IMPORTED,-,exotic fruit,1,2.43,2.43,-,2.43,2.43,-,2.43,2.43,-,-,-,n.a.,R,R,R,TYPOLOGY
156,FRUIT IMPORTED,-,pineapple,7,0.7309220779,0.5454545455,0.5014880818,0.171,1.78,0.1454545455,0.425,0.885,0.6861033439,1.083864,3.035225,0.2129,Y,G,G,ITEM
157,FRUIT IMPORTED,-,pomegranate,1,1.165384615,1.165384615,-,1.165384615,1.165384615,-,1.165384615,1.165384615,-,-,-,n.a.,R,G,R,TYPOLOGY
158,FRUIT IMPORTED,-,strawberry,2,0.837,0.837,0.287,0.55,1.124,0.287,0.6935,0.9805,0.3428912784,-,-,-,R,G,R,TYPOLOGY
159,FRUIT NOT HEATED GREENHOUSE* (melon),-,melon,4,1.4105,1.4285,0.1093309197,1.24,1.545,0.059,1.38025,1.45875,0.07751217277,-0.4804328,2.051641,0.55589,Y,G,G,ITEM
160,FRUIT OPENFIELD,CITRUS FRUIT (SUB-TYP),clementine,3,0.4163333333,0.409,0.07366742081,0.33,0.51,0.079,0.3695,0.4595,0.1769433646,0.1483332,,0.86546,R,G,R,TYPOLOGY
161,FRUIT OPENFIELD,CITRUS FRUIT (SUB-TYP),lemon,2,0.22,0.22,0.04,0.18,0.26,0.04,0.2,0.24,0.1818181818,-,-,-,R,G,R,TYPOLOGY
162,FRUIT OPENFIELD,CITRUS FRUIT (SUB-TYP),lime,2,0.22,0.22,0.04,0.18,0.26,0.04,0.2,0.24,0.1818181818,-,-,-,R,G,R,TYPOLOGY
163,FRUIT OPENFIELD,CITRUS FRUIT (SUB-TYP),mandarin,7,0.3951428571,0.446,0.1060652475,0.223,0.51,0.064,0.3085,0.485,0.2684225353,-0.3840171,1.586335,0.59848,Y,G,G,ITEM
164,FRUIT OPENFIELD,CITRUS FRUIT (SUB-TYP),orange,31,0.3546129032,0.3,0.155143155,0.18,0.87,0.07,0.2455,0.418,0.4375000277,1.59429,5.370552,0.00024,G,G,R,ITEM
165,FRUIT OPENFIELD,CITRUS FRUIT (SUB-TYP),pomelo,1,0.51,0.51,-,0.51,0.51,-,0.51,0.51,-,-,-,n.a.,R,G,R,TYPOLOGY
166,FRUIT OPENFIELD,CITRUS FRUIT (SUB-TYP),tangerin,2,0.384545,0.384545,0.125455,0.25909,0.51,0.125455,0.3218175,0.4472725,0.3262427024,-,-,-,R,G,R,TYPOLOGY
167,FRUIT OPENFIELD,"FRUIT OTHER (Excluded citrus, wild berries and olives) (SUB-TYP)",apple,59,0.3128958142,0.2539,0.1690730975,0.06,0.95,0.0661,0.2,0.378,0.5403495025,1.831041,6.817934,0,G,G,R,ITEM
168,FRUIT OPENFIELD,"FRUIT OTHER (Excluded citrus, wild berries and olives) (SUB-TYP)",apricot,7,0.3591428571,0.296,0.1219360823,0.234,0.562,0.062,0.258,0.453,0.33951972,0.368394,1.643215,0.39201,Y,G,G,ITEM
169,FRUIT OPENFIELD,"FRUIT OTHER (Excluded citrus, wild berries and olives) (SUB-TYP)",avocado,4,0.5435,0.5405,0.219158048,0.253,0.84,0.1935,0.394,0.69,0.4032346789,0.0325937,1.630689,0.96672,Y,G,G,ITEM
170,FRUIT OPENFIELD,"FRUIT OTHER (Excluded citrus, wild berries and olives) (SUB-TYP)",banana,9,0.3814222222,0.34,0.1761041976,0.1476,0.781,0.13,0.318,0.47,0.4617040835,0.9245614,3.474507,0.28277,G,G,G,ITEM
171,FRUIT OPENFIELD,"FRUIT OTHER (Excluded citrus, wild berries and olives) (SUB-TYP)",carob,2,1.1035,1.1035,0.0085,1.095,1.112,0.0085,1.09925,1.10775,0.007702763933,-,-,-,R,R,R,TYPOLOGY
172,FRUIT OPENFIELD,"FRUIT OTHER (Excluded citrus, wild berries and olives) (SUB-TYP)",cherry,7,0.4874285714,0.458,0.1852001675,0.26,0.88,0.092,0.385,0.522,0.3799534503,0.994269,3.306595,0.27409,Y,G,G,ITEM
173,FRUIT OPENFIELD,"FRUIT OTHER (Excluded citrus, wild berries and olives) (SUB-TYP)",fig,3,0.3073333333,0.258,0.08729006562,0.234,0.43,0.024,0.246,0.344,0.2840240747,0.6672276,,0.2148,R,G,R,TYPOLOGY
174,FRUIT OPENFIELD,"FRUIT OTHER (Excluded citrus, wild berries and olives) (SUB-TYP)",grapes,15,0.391,0.31,0.2151380952,0.15,0.881,0.1,0.272,0.415,0.5502253074,1.352016,3.816332,0.00498,G,G,R,ITEM
175,FRUIT OPENFIELD,"FRUIT OTHER (Excluded citrus, wild berries and olives) (SUB-TYP)",guava,1,0.279,0.279,-,0.279,0.279,-,0.279,0.279,-,-,-,n.a.,R,G,R,TYPOLOGY
176,FRUIT OPENFIELD,"FRUIT OTHER (Excluded citrus, wild berries and olives) (SUB-TYP)",kiwi,12,0.6537333333,0.4944,0.4199589451,0.27,1.613,0.2139,0.3295,0.84325,0.642400997,1.082024,3.225103,0.04626,G,G,Y,ITEM
177,FRUIT OPENFIELD,"FRUIT OTHER (Excluded citrus, wild berries and olives) (SUB-TYP)",mango,6,0.3253333333,0.309,0.06568020165,0.253,0.441,0.0475,0.2725,0.362,0.2018858657,0.5868078,2.005868,0.48459,Y,G,G,ITEM
178,FRUIT OPENFIELD,"FRUIT OTHER (Excluded citrus, wild berries and olives) (SUB-TYP)",melon,6,0.559865,0.612545,0.1946756314,0.3,0.76,0.612545,0.3687725,0.743075,0.3477188811,-0.2871355,1.32404,0.11065,Y,G,G,ITEM
179,FRUIT OPENFIELD,"FRUIT OTHER (Excluded citrus, wild berries and olives) (SUB-TYP)",peach,12,0.4265833333,0.385,0.1891249403,0.234,0.83,0.0645,0.29025,0.43,0.4433481703,1.280637,3.395744,0.00582,G,G,R,ITEM
180,FRUIT OPENFIELD,"FRUIT OTHER (Excluded citrus, wild berries and olives) (SUB-TYP)",pear,12,0.2861041667,0.274,0.1180256619,0.15875,0.63,0.05,0.2125,0.3125,0.4125268892,1.843189,6.221552,0.00634,G,G,R,ITEM
181,FRUIT OPENFIELD,"FRUIT OTHER (Excluded citrus, wild berries and olives) (SUB-TYP)",pineapple,6,0.3380233667,0.28,0.1520384723,0.23,0.673,0.0294299,0.25735515,0.3065,0.4497868707,1.672713,3.994434,0.00243,Y,G,R,ITEM or TYPOLOGY
182,FRUIT OPENFIELD,"FRUIT OTHER (Excluded citrus, wild berries and olives) (SUB-TYP)",plum,3,0.2706666667,0.258,0.03623380864,0.234,0.32,0.024,0.246,0.289,0.1338687511,0.481651,,0.52296,R,G,R,TYPOLOGY
183,FRUIT OPENFIELD,"FRUIT OTHER (Excluded citrus, wild berries and olives) (SUB-TYP)",pomegranate,3,0.4486666667,0.32,0.206470875,0.286,0.74,0.034,0.303,0.53,0.4601876857,0.692753,,0.12846,R,G,R,TYPOLOGY
184,FRUIT OPENFIELD,"FRUIT OTHER (Excluded citrus, wild berries and olives) (SUB-TYP)",rockmelon,1,0.39,0.39,-,0.39,0.39,-,0.39,0.39,-,-,-,n.a.,R,G,R,TYPOLOGY
185,FRUIT OPENFIELD,"FRUIT OTHER (Excluded citrus, wild berries and olives) (SUB-TYP)",watermelon,1,0.52,0.52,-,0.52,0.52,-,0.52,0.52,-,-,-,n.a.,R,G,R,TYPOLOGY
186,FRUIT OPENFIELD,OLIVES* (SUB-TYP),olives,9,0.5864055556,0.636,0.2012089412,0.22,0.847,0.046,0.607,0.682,0.3431225017,-0.8538515,2.478395,0.05946,G,G,G,ITEM
187,FRUIT OPENFIELD,WILD BERRIES (SUB-TYP),blackberry,1,0.421,0.421,-,0.421,0.421,-,0.421,0.421,-,-,-,n.a.,R,G,R,TYPOLOGY
188,FRUIT OPENFIELD,WILD BERRIES (SUB-TYP),blueberry,8,0.638995,0.775,0.2881553577,0.18796,0.97,0.145,0.3885,0.8625,0.4509508802,-0.5130052,1.60908,0.11646,Y,G,G,ITEM
189,FRUIT OPENFIELD,WILD BERRIES (SUB-TYP),cranberry,3,0.9,0.87,0.04966554809,0.86,0.97,0.01,0.865,0.92,0.05518394232,0.6856676,,0.15714,R,G,R,TYPOLOGY
190,FRUIT OPENFIELD,WILD BERRIES (SUB-TYP),currant,2,0.6385,0.6385,0.2015,0.437,0.84,0.2015,0.53775,0.73925,0.3155833986,-,-,-,R,G,R,TYPOLOGY
191,FRUIT OPENFIELD,WILD BERRIES (SUB-TYP),gooseberry,1,0.84,0.84,-,0.84,0.84,-,0.84,0.84,-,-,-,n.a.,R,G,R,TYPOLOGY
192,FRUIT OPENFIELD,WILD BERRIES (SUB-TYP),raspberry,2,0.632,0.632,0.208,0.424,0.84,0.208,0.528,0.736,0.3291139241,-,-,-,R,G,R,TYPOLOGY
193,FRUIT OPENFIELD,WILD BERRIES (SUB-TYP),strawberry,27,0.675212119,0.61,0.3282155357,0.1950819672,1.5,0.26,0.39,0.903,0.4860924834,0.5671505,2.823542,0.22048,G,G,G,ITEM
194,GRAINS,-,barley,17,0.5329705882,0.48,0.2511032405,0.114,1.106,0.14,0.34,0.62,0.4711390197,0.7605992,2.991769,0.21937,G,G,G,ITEM
195,GRAINS,-,maize,7,0.7932857143,0.48,0.5047366256,0.398,1.64,0.082,0.43,1.0875,0.6362608282,0.8875642,1.899051,0.00738,Y,G,R,ITEM or TYPOLOGY
196,GRAINS,-,millet,2,0.855,0.855,0.385,0.47,1.24,0.385,0.6625,1.0475,0.4502923977,-,-,-,R,G,R,TYPOLOGY
197,GRAINS,-,oat,5,0.7006,0.67,0.2649555434,0.38,1.103,0.21,0.47,0.88,0.3781837617,0.2762221,1.649635,0.78488,Y,G,G,ITEM
198,GRAINS,-,quinoa,12,0.9640333333,0.974,0.1859957317,0.534,1.2,0.159,0.8645,1.132,0.1929349591,-0.7496271,2.90537,0.26679,G,G,G,ITEM
199,GRAINS,-,rye,3,0.41,0.38,0.05715476066,0.36,0.49,0.02,0.37,0.435,0.1394018553,0.6427234,,0.27376,R,G,R,TYPOLOGY
200,GRAINS,-,sorghum,1,0.88,0.88,-,0.88,0.88,-,0.88,0.88,-,-,-,n.a.,R,G,R,TYPOLOGY
201,GRAINS,-,wheat,44,0.6712295455,0.5715,0.4333261655,0.18,3.082,0.1765,0.43825,0.7725,0.6455707566,3.872749,21.96722,0,G,G,R,ITEM
202,LEGUMES,-,bean,14,0.6742857143,0.433,0.4810386721,0.216,1.55,0.205,0.25725,1.09,0.7134048104,0.7304526,1.887611,0.00735,G,G,R,ITEM
203,LEGUMES,-,chickpea,3,0.6733333333,0.77,0.1583947249,0.45,0.8,0.03,0.61,0.785,0.2352396905,-0.68813,,0.14779,R,G,R,TYPOLOGY
204,LEGUMES,-,cowpea,4,0.4775,0.485,0.1094017824,0.33,0.61,0.095,0.3975,0.565,0.2291136805,-0.1320973,1.431257,0.7606,Y,G,G,ITEM
205,LEGUMES,-,green bean fresh,11,0.7324271134,0.515,0.5066516578,0.19899,1.55,0.273,0.2925,1.144854124,0.6917434494,0.2907631,1.638261,0.22403,G,G,G,ITEM
206,LEGUMES,-,lentil,2,1.03,1.03,0.03,1.0,1.06,0.03,1.015,1.045,0.02912621359,-,-,-,R,G,R,TYPOLOGY
207,LEGUMES,-,pea,12,0.58075,0.446,0.6284214516,0.15,2.6,0.11,0.27,0.495,1.082086012,2.691131,8.927979,5e-05,G,G,R,ITEM
208,LEGUMES,-,soybean,5,0.604106,0.5602,0.21789310990483393,0.38,1.0096,0.10020000000000001,0.46,0.61073,0.3606868826080753,1.012201,2.661173,0.27244,Y,G,G,ITEM
209,LEGUMES NOT HEATED GREENHOUSE (green bean),-,green bean fresh,4,0.30525,0.2755,0.07657798313,0.241,0.429,0.034,0.24175,0.339,0.2508697236,0.7665351,1.94516,0.19472,Y,G,G,ITEM
210,MUSHROOM*,,mushroom,6,1.775150017,2.062835052,1.089419538,0.2,3.09,0.8621649485,0.8203400258,2.6375,0.613705618,-0.3552241,1.538277,0.393,Y,G,G,ITEM
211,NUTS,-,almond,13,1.902,1.88,0.9432480708,0.51,3.71,0.73,1.112,2.61,0.4959243274,0.2477233,2.112747,0.83537,G,G,G,ITEM
212,NUTS,-,cashew nut,11,1.556281515,1.382,0.9196128018,0.3515,3.441,0.842,0.857455,2.245333333,0.5909038904,0.4557442,2.353029,0.58015,G,G,G,ITEM
213,NUTS,-,chestnut,3,0.6366666667,0.44,0.2852289529,0.43,1.04,0.01,0.435,0.74,0.4480035909,0.706455,,0.02729,R,G,R,TYPOLOGY
214,NUTS,-,hazelnut,5,1.0674,1.112,0.350358445,0.43,1.5,0.088,1.095,1.2,0.3282353804,-0.8164414,2.659954,0.32693,Y,G,G,ITEM
215,NUTS,-,mixed nuts,1,0.47,0.47,-,0.47,0.47,-,0.47,0.47,-,-,-,n.a.,R,G,R,TYPOLOGY
216,NUTS,-,palm nut,1,0.8,0.8,-,0.8,0.8,-,0.8,0.8,-,-,-,n.a.,R,G,R,TYPOLOGY
217,NUTS,-,peanut,10,0.8853333333,0.8305,0.3010831557,0.279,1.35,0.115,0.7995,1.045,0.3400788657,-0.1370786,2.766971,0.374,G,G,G,ITEM
218,NUTS,-,pistachio,4,1.6025,1.6,0.6521263298,0.88,2.33,0.645,0.9925,2.21,0.4069431075,0.0027141,1.055754,0.16038,Y,G,G,ITEM
219,NUTS,-,walnut,5,1.748666667,2.06,0.8803903175,0.63,3.03,0.97,0.89,2.133333333,0.5034637729,0.0462487,1.610132,0.57493,Y,G,G,ITEM
220,RICE*,-,rice,35,2.53557214092141,2.188780487804878,1.4436770361686828,0.24444444444444446,6.45,0.7381195121951221,1.645,3.08,0.5693693399092405,0.9528329,3.631732,0.01574,G,G,Y,ITEM
221,SEEDS,-,rape seed,3,1.054,0.782,0.7595998947,0.29,2.09,0.492,0.536,1.436,0.720683012,0.4912101,,0.5111,R,G,R,TYPOLOGY
222,SEEDS,-,sesam seed,1,0.88,0.88,-,0.88,0.88,-,0.88,0.88,-,-,-,n.a.,R,G,R,TYPOLOGY
223,SEEDS,-,sunflower seed,2,1.1595,1.1595,0.2505,0.909,1.41,0.2505,1.03425,1.28475,0.2160413972,-,-,-,R,G,R,TYPOLOGY
224,SPICIES,-,chili,1,0.8,0.8,-,0.8,0.8,-,0.8,0.8,-,-,-,n.a.,R,G,R,TYPOLOGY
225,SPICIES,-,ginger,1,0.88,0.88,-,0.88,0.88,-,0.88,0.88,-,-,-,n.a.,R,G,R,TYPOLOGY
226,STARCHY TUBERS,-,potato,35,0.24620977985999995,0.24,0.09661872502949376,0.078,0.45,0.06999999999999998,0.1763,0.32520000000000004,0.39242439956866537,0.0651549,2.24846,0.59682,G,G,G,ITEM
227,STARCHY TUBERS,-,starchy roots,2,0.29,0.29,0.05,0.24,0.34,0.05,0.265,0.315,0.1724137931,-,-,-,R,G,R,TYPOLOGY
228,STARCHY TUBERS,-,sweet potato,3,0.35,0.27,0.1386241922,0.235,0.545,0.035,0.2525,0.4075,0.3960691206,0.67345,,0.19718,R,G,R,TYPOLOGY
229,VEGETABLES HEATED GREENHOUSE,-,cucumber,8,2.587644531,2.54609375,1.021935533,1.3,4.51,0.83809375,1.7245,2.892226563,0.3949288709,0.6253992,2.25812,0.38806,Y,G,G,ITEM
230,VEGETABLES HEATED GREENHOUSE,-,gerkin,4,2.515,2.115,0.7367665845,2.04,3.79,0.04,2.0925,2.5375,0.2929489401,1.148586,2.328803,0.00461,Y,G,R,ITEM or TYPOLOGY
231,VEGETABLES HEATED GREENHOUSE,-,lettuce,7,2.694285714,2.67,1.550844444,0.453,4.73,1.37,1.4,4.1035,0.5756050429,-0.0100653,1.482807,0.5131,Y,G,G,ITEM
232,VEGETABLES HEATED GREENHOUSE,-,pepper,4,4.6,3.725,3.351678684,0.9,10.05,1.45,2.9625,5.3625,0.7286258008,0.72942,2.12144,0.36959,Y,G,G,ITEM
233,VEGETABLES HEATED GREENHOUSE,-,tomato,36,2.885058419,2.425,1.308449263,1.159793814,6.12,0.71,1.9425,3.6625,0.4535260897,0.8683913,2.942967,0.00863,G,G,R,ITEM
234,VEGETABLES NOT HEATED GREENHOUSE,-,cucumber,1,0.32,0.32,-,0.32,0.32,-,0.32,0.32,-,-,-,n.a.,R,G,R,TYPOLOGY
235,VEGETABLES NOT HEATED GREENHOUSE,-,eggplant,1,2.9,2.9,-,2.9,2.9,-,2.9,2.9,-,-,-,n.a.,R,G,R,TYPOLOGY
236,VEGETABLES NOT HEATED GREENHOUSE,-,pepper,2,1.175,1.175,0.075,1.1,1.25,0.075,1.1375,1.2125,0.06382978723,-,-,-,R,G,R,TYPOLOGY
237,VEGETABLES NOT HEATED GREENHOUSE,-,tomato,28,0.9412380952,0.90855,0.5605289875,0.195,2.14,0.44595,0.43925,1.27655,0.5955230567,0.5897799,2.349426,0.06517,G,G,G,ITEM
238,VEGETABLES NOT HEATED GREENHOUSE,-,zucchini,2,1.7714,1.7714,0.1686,1.6028,1.94,0.1686,1.6871,1.8557,0.0951789545,-,-,-,R,G,R,TYPOLOGY
239,VEGETABLES OPENFIELD,ASPARAGUS* (SUB-TYP),asparagus,33,0.9667195402,0.83,0.4849698071,0.38,2.68,0.217,0.6293103448,1.14,0.5016654644,1.50677,5.604864,0.00072,G,G,R,ITEM
240,VEGETABLES OPENFIELD,GREEN LEAFY VEGETABLES (SUB TYP),cabagge,9,0.3030111111,0.234,0.1471054694,0.12,0.64,0.114,0.21004,0.37,0.4854787959,1.043202,3.417958,0.15353,G,G,G,ITEM
241,VEGETABLES OPENFIELD,GREEN LEAFY VEGETABLES (SUB TYP),lettuce,27,0.3981359259,0.41,0.1467135115,0.13,0.62,0.092,0.304,0.4995,0.3685010619,-0.1938394,1.992845,0.26411,G,G,G,ITEM
242,VEGETABLES OPENFIELD,GREEN LEAFY VEGETABLES (SUB TYP),spinach,4,0.4826666667,0.338,0.3228222765,0.18,0.93,0.158,0.259,0.634,0.6688306834,-0.0806969,1.11139,0.17153,Y,G,G,ITEM
243,VEGETABLES OPENFIELD,ROOTS & BULBS (SUB-TYP),beetroot,2,0.245,0.245,0.135,0.11,0.38,0.135,0.1775,0.3125,0.5510204082,-,-,-,R,G,R,TYPOLOGY
244,VEGETABLES OPENFIELD,ROOTS & BULBS (SUB-TYP),carrot,16,0.228875,0.235,0.124093148,0.036,0.45,0.1,0.1325,0.325,0.5421874297,0.2236121,1.925177,0.61226,G,G,G,ITEM
245,VEGETABLES OPENFIELD,ROOTS & BULBS (SUB-TYP),garlic,3,0.674,0.708,0.07499333304,0.57,0.744,0.036,0.639,0.726,0.1112660728,-0.5868705,,0.37672,R,G,R,TYPOLOGY
246,VEGETABLES OPENFIELD,ROOTS & BULBS (SUB-TYP),onion,12,0.2394833333,0.2223,0.1381497366,0.06,0.522,0.1191,0.13375,0.34115,0.5768657663,0.3960771,2.150914,0.40872,G,G,G,ITEM
247,VEGETABLES OPENFIELD,ROOTS & BULBS (SUB-TYP),radish,1,0.15379,0.15379,-,0.15379,0.15379,-,0.15379,0.15379,-,-,-,n.a.,R,G,R,TYPOLOGY
248,VEGETABLES OPENFIELD,ROOTS & BULBS (SUB-TYP),swede,1,0.29,0.29,-,0.29,0.29,-,0.29,0.29,-,-,-,n.a.,R,G,R,TYPOLOGY
249,VEGETABLES OPENFIELD,ROOTS & BULBS (SUB-TYP),turnip,2,0.35,0.35,0,0.35,0.35,0,0.35,0.35,0,-,-,-,R,G,R,TYPOLOGY
250,VEGETABLES OPENFIELD,"VEGETABLES (fruits, steems, flowers) (SUB-TYP)",artichoke,1,0.33,0.33,-,0.33,0.33,-,0.33,0.33,-,-,-,n.a.,R,G,R,TYPOLOGY
251,VEGETABLES OPENFIELD,"VEGETABLES (fruits, steems, flowers) (SUB-TYP)",broccoli,19,0.6693684211,0.57,0.355259462,0.22,1.87,0.12,0.48,0.7,0.5307383061,2.003211,7.255282,0.00072,G,G,R,ITEM
252,VEGETABLES OPENFIELD,"VEGETABLES (fruits, steems, flowers) (SUB-TYP)",cauliflower,6,0.3188,0.3075,0.1334708333,0.0924,0.52,0.0773,0.268425,0.399375,0.4186663528,-0.1850138,2.301351,0.9509,Y,G,G,ITEM
253,VEGETABLES OPENFIELD,"VEGETABLES (fruits, steems, flowers) (SUB-TYP)",celery,1,0.32,0.32,-,0.32,0.32,-,0.32,0.32,-,-,-,n.a.,R,G,R,TYPOLOGY
254,VEGETABLES OPENFIELD,"VEGETABLES (fruits, steems, flowers) (SUB-TYP)",cucumber,15,0.3153541776,0.27,0.1633975459,0.08,0.804,0.07491803279,0.2217853484,0.378125,0.5181397853,1.561883,5.75996,0.02681,G,G,Y,ITEM
255,VEGETABLES OPENFIELD,"VEGETABLES (fruits, steems, flowers) (SUB-TYP)",eggplant,5,0.454584,0.191,0.4443449158,0.095,1.3,0.096,0.18692,0.5,0.9774759249,0.8416572,2.044719,0.26217,Y,G,G,ITEM
256,VEGETABLES OPENFIELD,"VEGETABLES (fruits, steems, flowers) (SUB-TYP)",fennel,1,0.48,0.48,-,0.48,0.48,-,0.48,0.48,-,-,-,n.a.,R,G,R,TYPOLOGY
257,VEGETABLES OPENFIELD,"VEGETABLES (fruits, steems, flowers) (SUB-TYP)",gerkin,7,0.2285714286,0.21,0.0635674156,0.13,0.33,0.05,0.19,0.275,0.2781074433,0.1135926,1.940646,0.95532,Y,G,G,ITEM
258,VEGETABLES OPENFIELD,"VEGETABLES (fruits, steems, flowers) (SUB-TYP)",pepper,8,0.57904,0.6535,0.2309122803,0.18832,0.87,0.2165,0.37,0.71025,0.3987846786,-0.2776511,1.827151,0.62269,Y,G,G,ITEM
259,VEGETABLES OPENFIELD,"VEGETABLES (fruits, steems, flowers) (SUB-TYP)",pumpkin,12,0.3846762295,0.2362540984,0.3457140873,0.09,1.31,0.08325409836,0.1645,0.47325,0.8987144532,1.599697,4.54284,0.00251,G,G,R,ITEM
260,VEGETABLES OPENFIELD,"VEGETABLES (fruits, steems, flowers) (SUB-TYP)",tomato,68,0.484513725,0.4541,0.2972858109,0.154,2.29,0.1041,0.353515625,0.56140625,0.6135756235,2.324167,14.26455,0,G,G,R,ITEM
261,VEGETABLES OPENFIELD,"VEGETABLES (fruits, steems, flowers) (SUB-TYP)",vegetables,4,0.6926075,0.535,0.5275140113,0.18943,1.511,0.305285,0.2498575,0.97775,0.7616348529,0.5901136,1.758644,0.39239,Y,G,G,ITEM
262,VEGETABLES OPENFIELD,"VEGETABLES (fruits, steems, flowers) (SUB-TYP)",zucchini,8,0.6516393443,0.7,0.4188547929,0.09,1.31,0.4102459016,0.2180327869,0.975,0.6427708772,0.0360254,1.625748,0.5393,Y,G,G,ITEM
263,FISH,-,alfonsino,1,3.49,3.49,-,3.49,3.49,-,3.49,3.49,-,-,-,n.a.,R,G,R,TYPOLOGY
264,FISH,-,anchovy,6,0.8144166667,0.82065,0.02866143848,0.7696,0.8551,0.02385,0.794275,0.831425,0.03519259815,-0.2567994,1.863828,0.83297,Y,G,G,ITEM
265,FISH,-,anglerfish,2,12.2922,12.2922,1.8622,10.43,14.1544,1.8622,11.3611,13.2233,0.1514944436,-,-,-,R,G,R,TYPOLOGY
266,FISH,-,carp,3,1.804666667,1.762,0.08627990625,1.727,1.925,0.035,1.7445,1.8435,0.04780933113,0.6208411,,0.31774,R,G,R,TYPOLOGY
267,FISH,-,catfish,1,8.93,8.93,-,8.93,8.93,-,8.93,8.93,-,-,-,n.a.,R,G,R,TYPOLOGY
268,FISH,-,cod,22,3.289318182,3.08,1.359985207,1.25,5.88,1.05,2.265,4.375,0.413455048,0.3914877,1.908219,0.15633,G,G,G,ITEM
269,FISH,-,diamond fish,3,7.560333333,6.017,2.182602931,6.017,10.647,0,6.017,8.332,0.2886913625,0.7071068,,0,R,G,R,TYPOLOGY
270,FISH,-,eel,1,3.88,3.88,-,3.88,3.88,-,3.88,3.88,-,-,-,n.a.,R,G,R,TYPOLOGY
271,FISH,-,fish mixed,6,4.012083333,4.988,2.111764515,0.27,6.218,0.859,2.748375,5.452,0.5263511098,-0.7505734,2.015153,0.23695,Y,G,G,ITEM
272,FISH,-,flatfish,2,6.406,6.406,5.206,1.2,11.612,5.206,3.803,9.009,0.8126756166,-,-,-,R,G,R,TYPOLOGY
273,FISH,-,flathead,3,2.453333333,2.56,0.9013076919,1.3,3.5,0.94,1.93,3.03,0.3673808527,-0.1758623,,0.83999,R,G,R,TYPOLOGY
274,FISH,-,fork beard,2,8.0086,8.0086,1.7586,6.25,9.7672,1.7586,7.1293,8.8879,0.2195889419,-,-,-,R,G,R,TYPOLOGY
275,FISH,-,haddock,3,3.246666667,3.1,0.4370608907,2.8,3.84,0.3,2.95,3.47,0.1346183442,0.4655732,,0.54246,R,G,R,TYPOLOGY
276,FISH,-,hake,6,10.11637778,10.4006,2.523073509,6.876666667,14.1544,2.179,7.8823,11.4675,0.2494048329,0.1293236,1.846158,0.71665,Y,G,G,ITEM
277,FISH,-,herring,6,2.210666667,1.242,1.633968754,0.655,4.55,0.3545,1.1235,3.67875,0.7391294122,0.6555495,1.50774,0.01868,Y,G,Y,ITEM
278,FISH,-,ling,2,6.4486,6.4486,3.3186,3.13,9.7672,3.3186,4.7893,8.1079,0.5146233291,-,-,-,R,G,R,TYPOLOGY
279,FISH,-,mackerel,23,2.054663768,1.8,1.308879985,0.245,5.45,0.6664,1.203433333,2.4332,0.6370287956,1.037784,3.22949,0.0145,G,G,Y,ITEM
280,FISH,-,megrim,1,14.1544,14.1544,-,14.1544,14.1544,-,14.1544,14.1544,-,-,-,n.a.,R,G,R,TYPOLOGY
281,FISH,-,plaice,1,6.13,6.13,-,6.13,6.13,-,6.13,6.13,-,-,-,n.a.,R,G,R,TYPOLOGY
282,FISH,-,pollock,2,1.4,1.4,0.2,1.2,1.6,0.2,1.3,1.5,0.1428571429,-,-,-,R,G,R,TYPOLOGY
283,FISH,-,pomfret,2,6.6286,6.6286,3.1386,3.49,9.7672,3.1386,5.0593,8.1979,0.4734936487,-,-,-,R,G,R,TYPOLOGY
284,FISH,-,porbeagle,1,11.436,11.436,-,11.436,11.436,-,11.436,11.436,-,-,-,n.a.,R,G,R,TYPOLOGY
285,FISH,-,rhombus,1,8.41,8.41,-,8.41,8.41,-,8.41,8.41,-,-,-,n.a.,R,G,R,TYPOLOGY
286,FISH,-,rock fish,1,6.94,6.94,-,6.94,6.94,-,6.94,6.94,-,-,-,n.a.,R,G,R,TYPOLOGY
287,FISH,-,salmon,26,3.799502405,3.3734,1.868484055,1.11,8.87575,0.815,2.59,4.045,0.4917707256,1.331349,4.135528,0.00155,G,G,R,ITEM
288,FISH,-,sardine,5,0.9028,0.9,0.2962960681,0.5,1.414,0.12,0.78,0.92,0.3281967968,0.5104476,2.46111,0.644,Y,G,G,ITEM
289,FISH,-,sea-bass,5,3.59096,3.601,1.26232462,1.9128,5.76,0.661,2.94,3.741,0.3515284548,0.518,2.382,0.733,Y,G,G,ITEM
290,FISH,-,shark,3,10.09044444,11.436,1.990271475,7.276666667,11.55866667,0.1226666667,9.356333333,11.49733333,0.1972431924,-0.7050928,,0.04802,R,G,R,TYPOLOGY
291,FISH,-,sole,2,5.4,5.4,2.05,3.35,7.45,2.05,4.375,6.425,0.3796296296,-,-,-,R,G,R,TYPOLOGY
292,FISH,-,swordfish,2,12.838,12.838,1.402,11.436,14.24,1.402,12.137,13.539,0.1092070416,-,-,-,R,G,R,TYPOLOGY
293,FISH,-,trout,21,3.645946032,4.2,1.143297125,1.3672,5.9528,0.3448,3.02,4.3,0.3135803753,-0.3965869,2.557203,0.09786,G,G,G,ITEM
294,FISH,-,tuna,6,4.676625,3.675625,3.589201988,1.39,11.436,2.200625,1.6425,6.1071875,0.7674769707,0.8159264,2.376687,0.161,Y,G,G,ITEM
295,FISH,-,turbot,2,14.5136,14.5136,4.8864,9.6272,19.4,4.8864,12.0704,16.9568,0.3366773233,-,-,-,R,G,R,TYPOLOGY
296,FISH,-,whiting,2,2.6632,2.6632,1.1232,1.54,3.7864,1.1232,2.1016,3.2248,0.4217482728,-,-,-,R,G,R,TYPOLOGY
297,FISH FROZEN,-,cod frozen,6,3.088333333,3.025,1.356409681,0.75,5.3,0.565,2.7375,3.5975,0.4392044298,-0.1149572,2.66315,0.78163,Y,G,G,ITEM
298,FISH FROZEN,-,fish stick frozen,1,2.260802469,2.260802469,-,2.260802469,2.260802469,-,2.260802469,2.260802469,-,-,-,n.a.,R,G,R,TYPOLOGY
299,FISH FROZEN,-,haddock frozen,1,3.72,3.72,-,3.72,3.72,-,3.72,3.72,-,-,-,n.a.,R,G,R,TYPOLOGY
300,FISH FROZEN,-,herring frozen,4,1.305,1.295,0.2464244306,0.98,1.65,0.205,1.145,1.455,0.1888309813,0.1034473,1.728621,0.98923,Y,G,G,ITEM
301,FISH FROZEN,-,mackerel frozen,3,1.111666667,0.99,0.2847903712,0.84,1.505,0.15,0.915,1.2475,0.2561832425,0.5628501,,0.4139,R,G,R,TYPOLOGY
302,FISH FROZEN,-,mixed fish frozen,1,1.04,1.04,-,1.04,1.04,-,1.04,1.04,-,-,-,n.a.,R,G,R,TYPOLOGY
303,FISH FROZEN,-,pollock frozen,1,0.895,0.895,-,0.895,0.895,-,0.895,0.895,-,-,-,n.a.,R,G,R,TYPOLOGY
304,FISH FROZEN,-,pollock stick frozen,1,2.14,2.14,-,2.14,2.14,-,2.14,2.14,-,-,-,n.a.,R,G,R,TYPOLOGY
305,FISH FROZEN,-,salmon frozen,4,1.9925,1.61,1.476962677,0.55,4.2,0.96,0.7,2.9025,0.7412610676,0.4614086,1.602984,0.40686,Y,G,G,ITEM
306,FISH FROZEN,-,sole frozen,2,14.278,14.278,6.578,7.7,20.856,6.578,10.989,17.567,0.4607087827,-,-,-,R,R,R,TYPOLOGY
307,FISH FROZEN,-,trout frozen,2,4.375,4.375,0.145,4.23,4.52,0.145,4.3025,4.4475,0.03314285714,-,-,-,R,G,R,TYPOLOGY
308,FISH FROZEN,-,tuna frozen,4,2.6625,2.64,0.5935644447,1.85,3.52,0.435,2.3825,2.92,0.2229350027,0.1114906,1.966919,0.89363,Y,G,G,ITEM
309,FISH PROCESSED,-,cod fish stick,1,2.14,2.14,-,2.14,2.14,-,2.14,2.14,-,-,-,n.a.,R,G,R,TYPOLOGY
310,FISH PROCESSED,-,hake fish stick,1,2.14,2.14,-,2.14,2.14,-,2.14,2.14,-,-,-,n.a.,R,G,R,TYPOLOGY
311,FISH PROCESSED,-,makerel fish stick,1,1.01654321,1.01654321,-,1.01654321,1.01654321,-,1.01654321,1.01654321,-,-,-,n.a.,R,R,R,TYPOLOGY
312,FISH PROCESSED,-,tuna in can,6,2.0,2.1,0.2160246899,1.7,2.2,0.1,1.8,2.175,0.108012345,-0.5951697,1.5,0.32081,Y,G,G,ITEM
313,SHELLFISH,-,barnacle,6,4.320466667,2.295,4.080510636,0.7829,11.678,1.3816,1.105925,6.6955,0.9444606222,0.8172261,2.067304,0.10031,Y,G,G,ITEM
314,SHELLFISH,-,krill,1,5.54,5.54,-,5.54,5.54,-,5.54,5.54,-,-,-,n.a.,R,G,R,TYPOLOGY
315,SHELLFISH,-,lobster,5,19.302,20.25,8.189120588,7.72,28.3,7.81,12.44,27.8,0.4242628011,-0.1943619,1.422311,0.41785,Y,R,G,ITEM
316,SHELLFISH,BIVALVES* (SUB-TYP) (Mussels),mussels,7,0.9379428571,0.4649,0.8617477968,0.115,2.54,0.3499,0.3306,1.39225,0.9187636435,0.8717776,2.163004,0.09237,Y,G,G,ITEM
317,SHELLFISH,CEPHALOPOD (SUB-TYP),cuttlefish,2,5.05,5.05,1.34,3.71,6.39,1.34,4.38,5.72,0.2653465347,-,-,-,R,G,R,TYPOLOGY
318,SHELLFISH,CEPHALOPOD (SUB-TYP),octopus,2,5.8,5.8,1.55,4.25,7.35,1.55,5.025,6.575,0.2672413793,-,-,-,R,G,R,TYPOLOGY
319,SHELLFISH,CEPHALOPOD (SUB-TYP),squid,3,7.507337123,6.91,3.136154913,4.00001137,11.612,2.90998863,5.455005685,9.261,0.4177453152,0.2787923,,0.94786,R,G,R,TYPOLOGY
320,SHELLFISH,CRUSTACEAN* (SUB-TYP) (Prawns/Shrimps),shrimps,18,11.95,7.04,10.41578716,2.89,38.0,3.25,5.2425,16.775,0.8716139885,1.281887,3.369668,0.00113,G,G,R,ITEM
321,SHELLFISH FROZEN,-,octopus frozen,1,7.878611111,7.878611111,-,7.878611111,7.878611111,-,7.878611111,7.878611111,-,-,-,n.a.,R,G,R,TYPOLOGY
322,SHELLFISH FROZEN,-,shrimps frozen,4,17.73375,15.065,12.02475955,5.805,35.0,8.5625,6.85125,25.9475,0.6780720123,0.3481804,1.460787,0.38053,Y,G,G,ITEM
